{
  "pipeline": [
    { "name": "Checkout", "status": "Passed", "duration": 12 },
    { "name": "Install", "status": "Passed", "duration": 45 },
    { "name": "Lint", "status": "Passed", "duration": 8 },
    { "name": "Unit Tests", "status": "Passed", "duration": 30 },
    { "name": "Accessibility Audit", "status": "Passed", "duration": 15 },
    { "name": "Build", "status": "Passed", "duration": 20 },
    { "name": "Deploy", "status": "In Progress", "duration": 5 }
  ],
  "overall": "In Progress",
  "lastRun": "2025-09-17T11:00:00.000Z"
}
